{
    "lightgbm": {
        "overall": {
            "mae": 0.7474172230301362,
            "rmse": 1.096882112057787
        },
        "O+": {
            "mae": 1.3445625097579192,
            "rmse": 1.8361824395764224
        },
        "A+": {
            "mae": 1.2678460275564158,
            "rmse": 1.6415977700253814
        },
        "B+": {
            "mae": 0.6152884071340974,
            "rmse": 0.8114585674932686
        },
        "AB+": {
            "mae": 0.5279350626126939,
            "rmse": 0.6206765744160232
        },
        "O-": {
            "mae": 0.8391718329264068,
            "rmse": 1.2934045177155822
        },
        "A-": {
            "mae": 0.5365456210138873,
            "rmse": 0.6539979502545722
        },
        "B-": {
            "mae": 0.4353176957807352,
            "rmse": 0.4604606989191465
        },
        "AB-": {
            "mae": 0.4126706274589338,
            "rmse": 0.4499519025821298
        }
    },
    "prophet": {
        "O+": {
            "mae": 1.221500436626249,
            "rmse": 1.690580313045786
        },
        "A+": {
            "mae": 1.2503968053564432,
            "rmse": 1.6111733522169298
        },
        "B+": {
            "mae": 0.6186711885202204,
            "rmse": 0.7965040679827131
        },
        "AB+": {
            "mae": 0.5139135140320678,
            "rmse": 0.6079908000202467
        },
        "O-": {
            "mae": 0.7491687067748095,
            "rmse": 1.2107333893696521
        },
        "A-": {
            "mae": 0.5436658175842521,
            "rmse": 0.6467612815684429
        },
        "B-": {
            "mae": 0.42008576546671245,
            "rmse": 0.45300924961333927
        },
        "AB-": {
            "mae": 0.39166895603097374,
            "rmse": 0.4406514278701418
        },
        "overall": {
            "mae": 0.713633898798966,
            "rmse": 1.0453216888573114
        }
    }
}